"","섹터","종목코드","종목명"
"1","에너지","096770","SK이노베이션"
"2","에너지","010950","S-Oil"
"3","에너지","078930","GS"
"4","에너지","067630","에이치엘비생명과학"
"5","에너지","006120","SK디스커버리"
"6","에너지","002960","한국쉘석유"
"7","에너지","091090","세원셀론텍"
"8","에너지","112240","에스에프씨"
"9","에너지","011930","신성이엔지"
"10","에너지","056730","포스링크"
"11","에너지","043200","파루"
"12","에너지","003650","미창석유"
"13","에너지","128820","대성산업"
"14","에너지","095910","에스에너지"
"15","에너지","099220","SDN"
"16","에너지","014530","극동유화"
"17","에너지","060900","퍼시픽바이오"
"18","에너지","043220","에이치엘비파워"
"19","에너지","103130","웅진에너지"
"20","에너지","038620","위즈코프"
"21","에너지","065420","에스아이리소스"
"22","에너지","137950","제이씨케미칼"
"23","에너지","093230","이아이디"
"24","에너지","024060","흥구석유"
"25","에너지","000440","중앙에너비스"
"26","소재","005490","POSCO"
"27","소재","051910","LG화학"
"28","소재","011170","롯데케미칼"
"29","소재","004020","현대제철"
"30","소재","010130","고려아연"
"31","소재","009830","한화케미칼"
"32","소재","010060","OCI"
"33","소재","011780","금호석유"
"34","소재","003670","포스코켐텍"
"35","소재","000880","한화"
"36","소재","120110","코오롱인더"
"37","소재","004000","롯데정밀화학"
"38","소재","011790","SKC"
"39","소재","014680","한솔케미칼"
"40","소재","005690","파미셀"
"41","소재","086520","에코프로"
"42","소재","069260","휴켐스"
"43","소재","285130","SK케미칼"
"44","소재","001230","동국제강"
"45","소재","006650","대한유화"
"46","소재","003240","태광산업"
"47","소재","103140","풍산"
"48","소재","178920","SKC코오롱PI"
"49","소재","004800","효성"
"50","소재","115390","락앤락"
"51","소재","093370","후성"
"52","소재","004430","송원산업"
"53","소재","213500","한솔제지"
"54","소재","298050","효성첨단소재"
"55","소재","298000","효성화학"
"56","소재","005070","코스모신소재"
"57","소재","006840","AK홀딩스"
"58","소재","025860","남해화학"
"59","소재","001430","세아베스틸"
"60","소재","014830","유니드"
"61","소재","065620","제낙스"
"62","소재","007690","국도화학"
"63","소재","002020","코오롱"
"64","소재","004150","한솔홀딩스"
"65","소재","006380","카프로"
"66","소재","104830","원익머트리얼즈"
"67","소재","012610","경인양행"
"68","소재","002240","고려제강"
"69","소재","008970","동양철관"
"70","소재","002810","삼영무역"
"71","소재","002310","아세아제지"
"72","소재","161000","애경유화"
"73","소재","009520","포스코엠텍"
"74","소재","014820","동원시스템즈"
"75","소재","009580","무림P&P"
"76","소재","005420","코스모화학"
"77","소재","102260","동성코퍼레이션"
"78","소재","081000","일진다이아"
"79","소재","005810","풍산홀딩스"
"80","소재","001390","KG케미칼"
"81","소재","104700","한국철강"
"82","소재","104480","티케이케미칼"
"83","소재","102710","이엔에프테크놀로지"
"84","소재","008730","율촌화학"
"85","소재","016590","신대양제지"
"86","소재","002030","아세아"
"87","소재","115960","연우"
"88","소재","000970","한국주철관"
"89","소재","121600","나노신소재"
"90","소재","079980","휴비스"
"91","소재","009460","한창제지"
"92","소재","089980","상아프론테크"
"93","소재","069460","대호에이엘"
"94","소재","001780","알루코"
"95","소재","091970","나노캠텍"
"96","소재","001940","KISCO홀딩스"
"97","소재","078130","국일제지"
"98","소재","025000","KPX케미칼"
"99","소재","005950","이수화학"
"100","소재","017890","한국알콜"
"101","소재","000180","성창기업지주"
"102","소재","011280","태림포장"
"103","소재","002360","SH에너지화학"
"104","소재","268280","미원에스씨"
"105","소재","306200","세아제강"
"106","소재","065940","바이오빌"
"107","소재","003030","세아제강지주"
"108","소재","004560","현대비앤지스틸"
"109","소재","048470","대동스틸"
"110","소재","000480","조선내화"
"111","소재","290380","대유"
"112","소재","004890","동일산업"
"113","소재","138490","코오롱플라스틱"
"114","소재","272550","삼양패키징"
"115","소재","251370","와이엠티"
"116","소재","005160","동국산업"
"117","소재","015890","태경산업"
"118","소재","014190","원익큐브"
"119","소재","084010","대한제강"
"120","소재","004250","NPC"
"121","소재","014160","대영포장"
"122","소재","058430","포스코강판"
"123","소재","100250","진양홀딩스"
"124","소재","009200","무림페이퍼"
"125","소재","109070","컨버즈"
"126","소재","002840","미원상사"
"127","소재","092230","KPX홀딩스"
"128","소재","009730","코센"
"129","소재","001340","백광산업"
"130","소재","081150","티플랙스"
"131","소재","021040","대호피앤씨"
"132","소재","055490","테이팩스"
"133","소재","032560","황금에스티"
"134","소재","089010","켐트로닉스"
"135","소재","002100","경농"
"136","소재","023600","삼보판지"
"137","소재","002300","한국제지"
"138","소재","114630","우노앤컴퍼니"
"139","소재","024090","디씨엠"
"140","소재","010040","한국내화"
"141","소재","007590","동방아그로"
"142","소재","036670","KCI"
"143","소재","005010","휴스틸"
"144","소재","012800","대창"
"145","소재","120240","대정화금"
"146","소재","058650","세아홀딩스"
"147","소재","002200","수출포장"
"148","소재","220260","켐트로스"
"149","소재","187790","나노"
"150","소재","222420","쎄노텍"
"151","소재","001550","조비"
"152","소재","004090","한국석유"
"153","소재","025550","한국선재"
"154","소재","001570","금양"
"155","소재","045060","오공"
"156","소재","007280","한국특수형강"
"157","소재","004450","삼화왕관"
"158","소재","004780","대륙제관"
"159","소재","120030","조선선재"
"160","소재","005190","동성화학"
"161","소재","014440","영보화학"
"162","소재","008420","문배철강"
"163","소재","009810","엔케이물산"
"164","소재","019440","세아특수강"
"165","소재","097870","효성오앤비"
"166","소재","002820","선창산업"
"167","소재","003830","대한화섬"
"168","소재","001020","페이퍼코리아"
"169","소재","003780","진양산업"
"170","소재","001080","만호제강"
"171","소재","032860","GMR 머티리얼즈"
"172","소재","011500","한농화성"
"173","소재","047400","유니온머티리얼"
"174","소재","012160","영흥철강"
"175","소재","025820","이구산업"
"176","소재","110020","전진바이오팜"
"177","소재","037760","쎄니트"
"178","소재","021050","서원"
"179","소재","101240","씨큐브"
"180","소재","003080","성보화학"
"181","소재","017480","삼현철강"
"182","소재","134380","미원화학"
"183","소재","023440","제일제강"
"184","소재","177830","파버나인"
"185","소재","024800","유성티엔에스"
"186","소재","026940","부국철강"
"187","소재","069730","DSR제강"
"188","소재","107590","미원홀딩스"
"189","소재","023450","동남합성"
"190","소재","008260","NI스틸"
"191","소재","014580","백광소재"
"192","소재","053260","금강철강"
"193","소재","039240","경남스틸"
"194","소재","071090","하이스틸"
"195","소재","051630","진양화학"
"196","소재","036640","HRS"
"197","소재","017650","대림제지"
"198","소재","006580","대양제지"
"199","소재","083420","그린케미칼"
"200","소재","001810","무림SP"
"201","소재","006890","태경화학"
"202","소재","012620","원일특강"
"203","소재","003720","삼영화학"
"204","소재","006110","삼아알미늄"
"205","소재","060480","국일신동"
"206","소재","024070","WISCOM"
"207","소재","263770","유에스티"
"208","소재","018470","조일알미늄"
"209","소재","002710","TCC동양"
"210","소재","002870","신풍제지"
"211","소재","006740","영풍제지"
"212","소재","000590","CS홀딩스"
"213","소재","075970","동국알앤에스"
"214","소재","016380","동부제철"
"215","소재","002690","동일제강"
"216","소재","155660","DSR"
"217","소재","036620","버추얼텍"
"218","소재","050760","에스폴리텍"
"219","소재","128660","피제이메탈"
"220","소재","048830","엔피케이"
"221","소재","140520","대창스틸"
"222","소재","002220","한일철강"
"223","소재","033310","디케이디앤아이"
"224","소재","008370","원풍"
"225","소재","037230","한국팩키지"
"226","소재","008870","금비"
"227","소재","196700","웹스"
"228","소재","001560","제일연마"
"229","소재","000760","이화산업"
"230","소재","014970","삼륭물산"
"231","소재","060380","동양에스텍"
"232","소재","221980","케이디켐"
"233","소재","079170","한창산업"
"234","소재","049830","승일"
"235","소재","026910","광진실업"
"236","소재","005820","원림"
"237","소재","027970","세하"
"238","소재","007770","한일화학"
"239","소재","001770","신화실업"
"240","소재","115570","스타플렉스"
"241","소재","010640","진양폴리"
"242","소재","221610","한솔씨앤피"
"243","소재","009190","대양금속"
"244","소재","023790","동일철강"
"245","산업재","028260","삼성물산"
"246","산업재","034730","SK"
"247","산업재","003550","LG"
"248","산업재","009540","현대중공업"
"249","산업재","000720","현대건설"
"250","산업재","267250","현대중공업지주"
"251","산업재","010140","삼성중공업"
"252","산업재","000210","대림산업"
"253","산업재","028050","삼성엔지니어링"
"254","산업재","028300","에이치엘비"
"255","산업재","006360","GS건설"
"256","산업재","012750","에스원"
"257","산업재","086280","현대글로비스"
"258","산업재","047810","한국항공우주"
"259","산업재","017800","현대엘리베이"
"260","산업재","003490","대한항공"
"261","산업재","002380","KCC"
"262","산업재","001040","CJ"
"263","산업재","241560","두산밥캣"
"264","산업재","000120","CJ대한통운"
"265","산업재","010620","현대미포조선"
"266","산업재","064350","현대로템"
"267","산업재","294870","HDC현대산업개발"
"268","산업재","180640","한진칼"
"269","산업재","042660","대우조선해양"
"270","산업재","012450","한화에어로스페이스"
"271","산업재","028670","팬오션"
"272","산업재","047040","대우건설"
"273","산업재","042670","두산인프라코어"
"274","산업재","011200","현대상선"
"275","산업재","006260","LS"
"276","산업재","047050","포스코대우"
"277","산업재","010120","LS산전"
"278","산업재","001740","SK네트웍스"
"279","산업재","034020","두산중공업"
"280","산업재","003410","쌍용양회"
"281","산업재","009240","한샘"
"282","산업재","000150","두산"
"283","산업재","012630","HDC"
"284","산업재","056190","에스에프에이"
"285","산업재","020560","아시아나항공"
"286","산업재","267270","현대건설기계"
"287","산업재","009410","태영건설"
"288","산업재","001120","LG상사"
"289","산업재","010780","아이에스동서"
"290","산업재","002320","한진"
"291","산업재","079550","LIG넥스원"
"292","산업재","108670","LG하우시스"
"293","산업재","089590","제주항공"
"294","산업재","010170","대한광통신"
"295","산업재","023410","유진기업"
"296","산업재","001520","동양"
"297","산업재","011760","현대상사"
"298","산업재","005880","대한해운"
"299","산업재","267260","현대일렉트릭"
"300","산업재","079430","현대리바트"
"301","산업재","272450","진에어"
"302","산업재","298040","효성중공업"
"303","산업재","300720","한일시멘트"
"304","산업재","006730","서부T&D"
"305","산업재","002990","금호산업"
"306","산업재","004980","성신양회"
"307","산업재","017960","한국카본"
"308","산업재","014620","성광벤드"
"309","산업재","019210","와이지-원"
"310","산업재","112610","씨에스윈드"
"311","산업재","298690","에어부산"
"312","산업재","011370","서한"
"313","산업재","060150","인선이엔티"
"314","산업재","095190","이엠코리아"
"315","산업재","023160","태광"
"316","산업재","002150","도화엔지니어링"
"317","산업재","038500","삼표시멘트"
"318","산업재","090360","로보스타"
"319","산업재","029960","코엔텍"
"320","산업재","008350","남선알미늄"
"321","산업재","068400","AJ렌터카"
"322","산업재","183190","아세아시멘트"
"323","산업재","013120","동원개발"
"324","산업재","007460","에이프로젠 KIC"
"325","산업재","074610","나노메딕스"
"326","산업재","035890","서희건설"
"327","산업재","122900","아이마켓코리아"
"328","산업재","013030","하이록코리아"
"329","산업재","024810","이화전기"
"330","산업재","002780","진흥기업"
"331","산업재","004360","세방"
"332","산업재","067390","아스트"
"333","산업재","003580","넥스트사이언스"
"334","산업재","004960","한신공영"
"335","산업재","033500","동성화인텍"
"336","산업재","018000","유니슨"
"337","산업재","064510","에코마이스터"
"338","산업재","045100","한양이엔지"
"339","산업재","091810","티웨이항공"
"340","산업재","097230","한진중공업"
"341","산업재","006390","한일현대시멘트"
"342","산업재","001440","대한전선"
"343","산업재","013580","계룡건설"
"344","산업재","016880","웅진"
"345","산업재","007820","에스엠코어"
"346","산업재","036190","금화피에스시"
"347","산업재","028100","동아지질"
"348","산업재","016800","퍼시스"
"349","산업재","126870","뉴로스"
"350","산업재","007110","일신석재"
"351","산업재","000390","삼화페인트"
"352","산업재","016250","이테크건설"
"353","산업재","003300","한일홀딩스"
"354","산업재","002460","화성산업"
"355","산업재","007210","벽산"
"356","산업재","001250","GS글로벌"
"357","산업재","143240","사람인에이치알"
"358","산업재","082740","HSD엔진"
"359","산업재","210540","디와이파워"
"360","산업재","044490","태웅"
"361","산업재","085310","엔케이"
"362","산업재","006910","보성파워텍"
"363","산업재","109610","에스와이패널"
"364","산업재","002900","동양물산"
"365","산업재","060310","3S"
"366","산업재","036890","진성티이씨"
"367","산업재","033100","제룡전기"
"368","산업재","014790","한라"
"369","산업재","025750","한솔홈데코"
"370","산업재","011390","부산산업"
"371","산업재","001470","삼부토건"
"372","산업재","005870","휴니드"
"373","산업재","014200","광림"
"374","산업재","044450","KSS해운"
"375","산업재","046120","오르비텍"
"376","산업재","000700","유수홀딩스"
"377","산업재","010960","삼호개발"
"378","산업재","000860","강남제비스코"
"379","산업재","013570","디와이"
"380","산업재","017040","광명전기"
"381","산업재","100130","동국S&C"
"382","산업재","072520","제넨바이오"
"383","산업재","090350","노루페인트"
"384","산업재","089140","넥스턴"
"385","산업재","054180","중앙오션"
"386","산업재","020710","시공테크"
"387","산업재","000490","대동공업"
"388","산업재","001840","이화공영"
"389","산업재","058730","다스코"
"390","산업재","058850","KTcs"
"391","산업재","010820","퍼스텍"
"392","산업재","083660","CSA 코스믹"
"393","산업재","004870","티웨이홀딩스"
"394","산업재","006340","대원전선"
"395","산업재","100090","삼강엠앤티"
"396","산업재","126880","제이엔케이히터"
"397","산업재","195990","유지인트"
"398","산업재","053690","한미글로벌"
"399","산업재","214430","아이쓰리시스템"
"400","산업재","017510","세명전기"
"401","산업재","255220","SG"
"402","산업재","009070","KCTC"
"403","산업재","099320","쎄트렉아이"
"404","산업재","102210","해덕파워웨이"
"405","산업재","090710","디에스티로봇"
"406","산업재","004380","삼익THK"
"407","산업재","037370","EG"
"408","산업재","052300","W홀딩컴퍼니"
"409","산업재","039570","HDC아이콘트롤스"
"410","산업재","008250","이건산업"
"411","산업재","039610","화성밸브"
"412","산업재","025900","동화기업"
"413","산업재","099440","스맥"
"414","산업재","036560","영풍정밀"
"415","산업재","058860","케이티스"
"416","산업재","018310","삼목에스폼"
"417","산업재","036000","예림당"
"418","산업재","026150","특수건설"
"419","산업재","042940","상지카일룸"
"420","산업재","001880","삼호"
"421","산업재","015860","일진홀딩스"
"422","산업재","089230","THE E&M"
"423","산업재","043910","자연과환경"
"424","산업재","034300","신세계건설"
"425","산업재","091590","남화토건"
"426","산업재","229640","LS전선아시아"
"427","산업재","014280","금강공업"
"428","산업재","095570","AJ네트웍스"
"429","산업재","007610","선도전기"
"430","산업재","147830","제룡산업"
"431","산업재","060560","홈센타홀딩스"
"432","산업재","011700","한신기계"
"433","산업재","051490","나라엠앤디"
"434","산업재","103230","에스앤더블류"
"435","산업재","003280","흥아해운"
"436","산업재","022220","정산애강"
"437","산업재","009160","SIMPAC"
"438","산업재","090850","이지웰페어"
"439","산업재","094820","일진파워"
"440","산업재","096350","대창솔루션"
"441","산업재","071670","에이테크솔루션"
"442","산업재","021320","KCC건설"
"443","산업재","005430","한국공항"
"444","산업재","075580","세진중공업"
"445","산업재","000320","노루홀딩스"
"446","산업재","015230","대창단조"
"447","산업재","005960","동부건설"
"448","산업재","004440","대림씨엔에스"
"449","산업재","011090","에넥스"
"450","산업재","042370","비츠로테크"
"451","산업재","000850","화천기공"
"452","산업재","011560","세보엠이씨"
"453","산업재","105740","디케이락"
"454","산업재","171120","라이온켐텍"
"455","산업재","119850","지엔씨에너지"
"456","산업재","103590","일진전기"
"457","산업재","066620","국보디자인"
"458","산업재","006050","국영지앤엠"
"459","산업재","001260","남광토건"
"460","산업재","041440","에버다임"
"461","산업재","067900","와이엔텍"
"462","산업재","003100","선광"
"463","산업재","009440","KC그린홀딩스"
"464","산업재","003010","혜인"
"465","산업재","221840","하이즈항공"
"466","산업재","024840","갑을메탈"
"467","산업재","105840","우진"
"468","산업재","033430","디에스티"
"469","산업재","037440","희림"
"470","산업재","108380","대양전기공업"
"471","산업재","003070","코오롱글로벌"
"472","산업재","006920","모헨즈"
"473","산업재","046940","우원개발"
"474","산업재","049430","코메론"
"475","산업재","000500","가온전선"
"476","산업재","228340","동양파일"
"477","산업재","060370","KT서브마린"
"478","산업재","017550","수산중공업"
"479","산업재","005750","대림B&Co"
"480","산업재","225530","보광산업"
"481","산업재","010240","흥국"
"482","산업재","004910","조광페인트"
"483","산업재","033540","파라텍"
"484","산업재","044180","KD건설"
"485","산업재","090410","덕신하우징"
"486","산업재","054540","삼영엠텍"
"487","산업재","015590","큐로"
"488","산업재","065450","빅텍"
"489","산업재","028040","미래SCI"
"490","산업재","053590","한국테크놀로지"
"491","산업재","017000","신원종합개발"
"492","산업재","119650","KC코트렐"
"493","산업재","094280","효성ITX"
"494","산업재","011810","STX"
"495","산업재","003480","한진중공업홀딩스"
"496","산업재","060260","뉴보텍"
"497","산업재","013810","스페코"
"498","산업재","148140","비디아이"
"499","산업재","003800","에이스침대"
"500","산업재","133820","화인베스틸"
"501","산업재","024880","케이피에프"
"502","산업재","100840","S&TC"
"503","산업재","054220","비츠로시스"
"504","산업재","004200","고려개발"
"505","산업재","064820","케이프"
"506","산업재","083650","비에이치아이"
"507","산업재","092460","한라IMS"
"508","산업재","010400","우진아이엔에스"
"509","산업재","100660","서암기계공업"
"510","산업재","049800","우진플라임"
"511","산업재","004140","동방"
"512","산업재","071950","코아스"
"513","산업재","084670","동양고속"
"514","산업재","008470","부스타"
"515","산업재","023350","한국종합기술"
"516","산업재","119500","포메탈"
"517","산업재","013360","일성건설"
"518","산업재","101930","인화정공"
"519","산업재","092440","기신정기"
"520","산업재","237750","피앤씨테크"
"521","산업재","000910","유니온"
"522","산업재","039020","이건홀딩스"
"523","산업재","019990","에너토크"
"524","산업재","038390","레드캡투어"
"525","산업재","050860","아세아텍"
"526","산업재","086670","비엠티"
"527","산업재","163560","동일고무벨트"
"528","산업재","011160","두산건설"
"529","산업재","009180","한솔로지스틱스"
"530","산업재","109860","동일금속"
"531","산업재","014130","한익스프레스"
"532","산업재","013700","까뮤이앤씨"
"533","산업재","002290","삼일기업공사"
"534","산업재","054930","유신"
"535","산업재","077970","STX엔진"
"536","산업재","230980","솔트웍스"
"537","산업재","035200","프럼파스트"
"538","산업재","141070","맥스로텍"
"539","산업재","114190","웰크론강원"
"540","산업재","138070","신진에스엠"
"541","산업재","002410","범양건영"
"542","산업재","044060","조광ILI"
"543","산업재","076080","웰크론한텍"
"544","산업재","051980","중앙리빙테크"
"545","산업재","129260","인터지스"
"546","산업재","198440","고려시멘트"
"547","산업재","079650","서산"
"548","산업재","189860","서전기전"
"549","산업재","010660","화천기계"
"550","산업재","101170","우림기계"
"551","산업재","158310","인터불스"
"552","산업재","038010","제일테크노스"
"553","산업재","226360","이엑스티"
"554","산업재","043340","에쎈테크"
"555","산업재","104460","동양피엔에프"
"556","산업재","007680","대원"
"557","산업재","099410","동방선기"
"558","산업재","032280","삼일"
"559","산업재","192390","윈하이텍"
"560","산업재","044780","에이치케이"
"561","산업재","023960","에쓰씨엔지니어링"
"562","산업재","048770","TPC"
"563","산업재","263540","샘코"
"564","산업재","134790","시디즈"
"565","산업재","000650","천일고속"
"566","산업재","069140","누리플랜"
"567","산업재","101670","코리아에스이"
"568","산업재","079000","와토스코리아"
"569","산업재","014940","오리엔탈정공"
"570","산업재","001140","국보"
"571","산업재","025950","동신건설"
"572","산업재","006570","대림통상"
"573","산업재","073190","듀오백"
"574","산업재","054410","케이피티유"
"575","산업재","258610","이더블유케이"
"576","산업재","005450","신한"
"577","산업재","215090","한컴유니맥스"
"578","산업재","008830","대동기어"
"579","산업재","025890","한국주강"
"580","경기관련소비재","005380","현대차"
"581","경기관련소비재","012330","현대모비스"
"582","경기관련소비재","051900","LG생활건강"
"583","경기관련소비재","000270","기아차"
"584","경기관련소비재","090430","아모레퍼시픽"
"585","경기관련소비재","021240","코웨이"
"586","경기관련소비재","035250","강원랜드"
"587","경기관련소비재","139480","이마트"
"588","경기관련소비재","161390","한국타이어"
"589","경기관련소비재","081660","휠라코리아"
"590","경기관련소비재","023530","롯데쇼핑"
"591","경기관련소비재","008770","호텔신라"
"592","경기관련소비재","035760","CJ ENM"
"593","경기관련소비재","002790","아모레G"
"594","경기관련소비재","004170","신세계"
"595","경기관련소비재","018880","한온시스템"
"596","경기관련소비재","282330","BGF리테일"
"597","경기관련소비재","030000","제일기획"
"598","경기관련소비재","069960","현대백화점"
"599","경기관련소비재","161890","한국콜마"
"600","경기관련소비재","007070","GS리테일"
"601","경기관련소비재","025980","아난티"
"602","경기관련소비재","192820","코스맥스"
"603","경기관련소비재","204320","만도"
"604","경기관련소비재","041510","에스엠"
"605","경기관련소비재","034230","파라다이스"
"606","경기관련소비재","111770","영원무역"
"607","경기관련소비재","035900","JYP Ent."
"608","경기관련소비재","114090","GKL"
"609","경기관련소비재","214320","이노션"
"610","경기관련소비재","057050","현대홈쇼핑"
"611","경기관련소비재","028150","GS홈쇼핑"
"612","경기관련소비재","039130","하나투어"
"613","경기관련소비재","253450","스튜디오드래곤"
"614","경기관련소비재","011210","현대위아"
"615","경기관련소비재","122870","와이지엔터테인먼트"
"616","경기관련소비재","079160","CJ CGV"
"617","경기관련소비재","020000","한섬"
"618","경기관련소비재","073240","금호타이어"
"619","경기관련소비재","031430","신세계인터내셔날"
"620","경기관련소비재","298020","효성티앤씨"
"621","경기관련소비재","093050","LF"
"622","경기관련소비재","071840","롯데하이마트"
"623","경기관련소비재","036420","제이콘텐트리"
"624","경기관련소비재","073070","에스모"
"625","경기관련소비재","032350","롯데관광개발"
"626","경기관련소비재","000240","한국타이어월드와이드"
"627","경기관련소비재","080160","모두투어"
"628","경기관련소비재","009970","영원무역홀딩스"
"629","경기관련소비재","060980","한라홀딩스"
"630","경기관련소비재","037560","CJ헬로"
"631","경기관련소비재","105630","한세실업"
"632","경기관련소비재","005850","에스엘"
"633","경기관련소비재","004490","세방전지"
"634","경기관련소비재","002350","넥센타이어"
"635","경기관련소비재","024720","한국콜마홀딩스"
"636","경기관련소비재","025540","한국단자"
"637","경기관련소비재","007700","F&F"
"638","경기관련소비재","006060","화승인더"
"639","경기관련소비재","025620","제이준코스메틱"
"640","경기관련소비재","053210","스카이라이프"
"641","경기관련소비재","027410","BGF"
"642","경기관련소비재","034120","SBS"
"643","경기관련소비재","009450","경동나비엔"
"644","경기관련소비재","064960","S&T모티브"
"645","경기관련소비재","092730","네오팜"
"646","경기관련소비재","241710","코스메카코리아"
"647","경기관련소비재","215360","우리산업"
"648","경기관련소비재","284740","쿠쿠홈시스"
"649","경기관련소비재","215200","메가스터디교육"
"650","경기관련소비재","069110","코스온"
"651","경기관련소비재","138250","엔에스쇼핑"
"652","경기관련소비재","241590","화승엔터프라이즈"
"653","경기관련소비재","200130","콜마비앤에이치"
"654","경기관련소비재","015750","성우하이텍"
"655","경기관련소비재","048410","현대바이오"
"656","경기관련소비재","052260","SK바이오랜드"
"657","경기관련소비재","192400","쿠쿠홀딩스"
"658","경기관련소비재","175250","아이큐어"
"659","경기관련소비재","054780","키이스트"
"660","경기관련소비재","070960","용평리조트"
"661","경기관련소비재","000430","대원강업"
"662","경기관련소비재","031440","신세계푸드"
"663","경기관련소비재","003620","쌍용차"
"664","경기관련소비재","126560","현대에이치씨엔"
"665","경기관련소비재","043610","지니뮤직"
"666","경기관련소비재","047820","초록뱀"
"667","경기관련소비재","095720","웅진씽크빅"
"668","경기관련소비재","065650","메디프론"
"669","경기관련소비재","016100","리더스코스메틱"
"670","경기관련소비재","060280","큐렉소"
"671","경기관련소비재","033290","코웰패션"
"672","경기관련소비재","000050","경방"
"673","경기관련소비재","019680","대교"
"674","경기관련소비재","007340","디티알오토모티브"
"675","경기관련소비재","005720","넥센"
"676","경기관련소비재","033340","좋은사람들"
"677","경기관련소비재","003560","IHQ"
"678","경기관련소비재","065060","지엔코"
"679","경기관련소비재","226320","잇츠한불"
"680","경기관련소비재","038880","아이에이"
"681","경기관련소비재","067170","오텍"
"682","경기관련소비재","122450","KMH"
"683","경기관련소비재","101060","SBS미디어홀딩스"
"684","경기관련소비재","065560","녹원씨엔아이"
"685","경기관련소비재","037710","광주신세계"
"686","경기관련소비재","044340","위닉스"
"687","경기관련소비재","102280","쌍방울"
"688","경기관련소비재","007720","대명코퍼레이션"
"689","경기관련소비재","003200","일신방직"
"690","경기관련소비재","078520","에이블씨엔씨"
"691","경기관련소비재","003570","S&T중공업"
"692","경기관련소비재","002630","오리엔트바이오"
"693","경기관련소비재","089600","나스미디어"
"694","경기관련소비재","027050","코리아나"
"695","경기관련소비재","110790","크리스에프앤씨"
"696","경기관련소비재","067280","멀티캠퍼스"
"697","경기관련소비재","260930","씨티케이코스메틱스"
"698","경기관련소비재","119860","다나와"
"699","경기관련소비재","141020","포티스"
"700","경기관련소비재","013990","아가방컴퍼니"
"701","경기관련소비재","101140","아티스"
"702","경기관련소비재","002450","삼익악기"
"703","경기관련소비재","064800","필링크"
"704","경기관련소비재","063170","서울옥션"
"705","경기관련소비재","096240","청담러닝"
"706","경기관련소비재","019660","글로본"
"707","경기관련소비재","009680","모토닉"
"708","경기관련소비재","152330","코리아오토글라스"
"709","경기관련소비재","067990","도이치모터스"
"710","경기관련소비재","138360","에이씨티"
"711","경기관련소비재","217480","에스디생명공학"
"712","경기관련소비재","064090","에프앤리퍼블릭"
"713","경기관련소비재","123690","한국화장품"
"714","경기관련소비재","060300","레드로버"
"715","경기관련소비재","206560","덱스터"
"716","경기관련소비재","009270","신원"
"717","경기관련소비재","048550","SM C&C"
"718","경기관련소비재","048910","대원미디어"
"719","경기관련소비재","010600","웰바이오텍"
"720","경기관련소비재","086980","쇼박스"
"721","경기관련소비재","031510","오스템"
"722","경기관련소비재","263720","디앤씨미디어"
"723","경기관련소비재","072870","메가스터디"
"724","경기관련소비재","035080","인터파크홀딩스"
"725","경기관련소비재","035000","지투알"
"726","경기관련소비재","160550","NEW"
"727","경기관련소비재","012170","키위미디어그룹"
"728","경기관련소비재","204620","글로벌텍스프리"
"729","경기관련소비재","227610","아우딘퓨쳐스"
"730","경기관련소비재","002700","신일산업"
"731","경기관련소비재","145210","세화아이엠씨"
"732","경기관련소비재","001530","동일방직"
"733","경기관련소비재","008290","원풍물산"
"734","경기관련소비재","004060","SG세계물산"
"735","경기관련소비재","036530","S&T홀딩스"
"736","경기관련소비재","011320","유니크"
"737","경기관련소비재","011330","유니켐"
"738","경기관련소비재","230360","에코마케팅"
"739","경기관련소비재","173940","에프엔씨엔터"
"740","경기관련소비재","092200","디아이씨"
"741","경기관련소비재","035150","백산"
"742","경기관련소비재","046070","코다코"
"743","경기관련소비재","237880","클리오"
"744","경기관련소비재","080420","모다이노칩"
"745","경기관련소비재","007980","태평양물산"
"746","경기관련소비재","066590","우수AMS"
"747","경기관련소비재","058400","KNN"
"748","경기관련소비재","089470","HDC현대EP"
"749","경기관련소비재","017370","우신시스템"
"750","경기관련소비재","094850","참좋은여행"
"751","경기관련소비재","033530","세종공업"
"752","경기관련소비재","009320","대우부품"
"753","경기관련소비재","214420","토니모리"
"754","경기관련소비재","056080","유진로봇"
"755","경기관련소비재","216050","인크로스"
"756","경기관련소비재","043370","평화정공"
"757","경기관련소비재","004700","조광피혁"
"758","경기관련소비재","016450","한세예스24홀딩스"
"759","경기관련소비재","013520","화승알앤에이"
"760","경기관련소비재","002880","대유에이텍"
"761","경기관련소비재","013870","지엠비코리아"
"762","경기관련소비재","035290","더블유에프엠"
"763","경기관련소비재","005800","신영와코루"
"764","경기관련소비재","012200","계양전기"
"765","경기관련소비재","282690","동아타이어"
"766","경기관련소비재","040300","YTN"
"767","경기관련소비재","002170","삼양통상"
"768","경기관련소비재","040420","정상제이엘에스"
"769","경기관련소비재","084680","이월드"
"770","경기관련소비재","078590","두올산업"
"771","경기관련소비재","036260","이매진아시아"
"772","경기관련소비재","003610","방림"
"773","경기관련소비재","001070","대한방직"
"774","경기관련소비재","241690","유니테크노"
"775","경기관련소비재","053700","삼보모터스"
"776","경기관련소비재","067830","세이브존I&C"
"777","경기관련소비재","008600","윌비스"
"778","경기관련소비재","023800","인지컨트롤스"
"779","경기관련소비재","039670","한류타임즈"
"780","경기관련소비재","037270","YG PLUS"
"781","경기관련소비재","065950","웰크론"
"782","경기관련소비재","003350","한국화장품제조"
"783","경기관련소비재","108790","인터파크"
"784","경기관련소비재","039980","리노스"
"785","경기관련소비재","045520","크린앤사이언스"
"786","경기관련소비재","016090","대현"
"787","경기관련소비재","194370","제이에스코퍼레이션"
"788","경기관련소비재","069920","아이에스이커머스"
"789","경기관련소비재","023890","아트라스BX"
"790","경기관련소비재","200880","서연이화"
"791","경기관련소비재","058530","슈펙스비앤피"
"792","경기관련소비재","039340","한국경제TV"
"793","경기관련소비재","001460","BYC"
"794","경기관련소비재","053110","소리바다"
"795","경기관련소비재","035480","마제스타"
"796","경기관련소비재","217620","디딤"
"797","경기관련소비재","214330","금호에이치티"
"798","경기관련소비재","024950","삼천리자전거"
"799","경기관련소비재","027390","한화갤러리아타임월드"
"800","경기관련소비재","299900","위지윅스튜디오"
"801","경기관련소비재","005110","한창"
"802","경기관련소비재","039310","세중"
"803","경기관련소비재","182360","큐브엔터"
"804","경기관련소비재","001380","SG충방"
"805","경기관련소비재","225330","씨엠에스에듀"
"806","경기관련소비재","026040","제이에스티나"
"807","경기관련소비재","005390","신성통상"
"808","경기관련소비재","123410","코리아에프티"
"809","경기관련소비재","143210","핸즈코퍼레이션"
"810","경기관련소비재","104040","대성파인텍"
"811","경기관련소비재","063440","SM Life Design"
"812","경기관련소비재","144620","코오롱머티리얼"
"813","경기관련소비재","006370","대구백화점"
"814","경기관련소비재","122350","삼기오토모티브"
"815","경기관련소비재","039830","오로라"
"816","경기관련소비재","219550","MP한강"
"817","경기관련소비재","090370","메타랩스"
"818","경기관련소비재","234100","세원"
"819","경기관련소비재","071850","캐스텍코리아"
"820","경기관련소비재","050120","라이브플렉스"
"821","경기관련소비재","204630","화이브라더스코리아"
"822","경기관련소비재","000300","대유플러스"
"823","경기관련소비재","066910","손오공"
"824","경기관련소비재","108490","로보티즈"
"825","경기관련소비재","086250","화신테크"
"826","경기관련소비재","047770","코데즈컴바인"
"827","경기관련소비재","023000","삼원강재"
"828","경기관련소비재","005710","대원산업"
"829","경기관련소비재","014990","인디에프"
"830","경기관련소비재","040610","SG&G"
"831","경기관련소비재","204020","엠코르셋"
"832","경기관련소비재","012280","영화금속"
"833","경기관련소비재","071460","대유위니아"
"834","경기관련소비재","068930","디지털대성"
"835","경기관련소비재","007860","서연"
"836","경기관련소비재","126600","코프라"
"837","경기관련소비재","041650","상신브레이크"
"838","경기관련소비재","024890","대원화성"
"839","경기관련소비재","053280","예스24"
"840","경기관련소비재","075180","새론오토모티브"
"841","경기관련소비재","267790","배럴"
"842","경기관련소비재","010770","평화홀딩스"
"843","경기관련소비재","002920","유성기업"
"844","경기관련소비재","006660","삼성공조"
"845","경기관련소비재","019010","그랜드백화점"
"846","경기관련소비재","046140","SBS콘텐츠허브"
"847","경기관련소비재","234920","자이글"
"848","경기관련소비재","068290","삼성출판사"
"849","경기관련소비재","021820","세원정공"
"850","경기관련소비재","078860","아이오케이"
"851","경기관련소비재","000040","KR모터스"
"852","경기관련소비재","161570","THE MIDONG"
"853","경기관련소비재","252500","세화피앤씨"
"854","경기관련소비재","010690","화신"
"855","경기관련소비재","104200","NHN벅스"
"856","경기관련소비재","069640","한세엠케이"
"857","경기관련소비재","123040","엠에스오토텍"
"858","경기관련소비재","004830","덕성"
"859","경기관련소비재","004840","DRB동일"
"860","경기관련소비재","013310","아진산업"
"861","경기관련소비재","033830","티비씨"
"862","경기관련소비재","046390","삼화네트웍스"
"863","경기관련소비재","016740","두올"
"864","경기관련소비재","263920","에스엔피월드"
"865","경기관련소비재","014470","부방"
"866","경기관련소비재","118990","모트렉스"
"867","경기관련소비재","123330","제닉"
"868","경기관련소비재","090080","평화산업"
"869","경기관련소비재","093240","형지엘리트"
"870","경기관련소비재","005360","모나미"
"871","경기관련소비재","127710","아시아경제"
"872","경기관련소비재","041930","동아화성"
"873","경기관련소비재","013000","세우글로벌"
"874","경기관련소비재","084870","TBH글로벌"
"875","경기관련소비재","100220","비상교육"
"876","경기관련소비재","111110","호전실업"
"877","경기관련소비재","088790","진도"
"878","경기관련소비재","051780","큐로홀딩스"
"879","경기관련소비재","031860","엔에스엔"
"880","경기관련소비재","065500","오리엔트정공"
"881","경기관련소비재","005320","국동"
"882","경기관련소비재","001620","동국실업"
"883","경기관련소비재","015540","메디파트너생명공학"
"884","경기관련소비재","080470","성창오토텍"
"885","경기관련소비재","011420","갤럭시아에스엠"
"886","경기관련소비재","025440","대성엘텍"
"887","경기관련소비재","265560","영화테크"
"888","경기관련소비재","068050","팬엔터테인먼트"
"889","경기관련소비재","105550","트루윈"
"890","경기관련소비재","024740","한일단조"
"891","경기관련소비재","123570","이엠넷"
"892","경기관련소비재","004100","태양금속"
"893","경기관련소비재","092780","동양피스톤"
"894","경기관련소비재","154040","솔루에타"
"895","경기관련소비재","010580","지코"
"896","경기관련소비재","051390","YW"
"897","경기관련소비재","123750","알톤스포츠"
"898","경기관련소비재","067570","엔브이에이치코리아"
"899","경기관련소비재","072470","우리산업홀딩스"
"900","경기관련소비재","226340","본느"
"901","경기관련소비재","215480","토박스코리아"
"902","경기관련소비재","019180","티에이치엔"
"903","경기관련소비재","159580","제로투세븐"
"904","경기관련소비재","024910","경창산업"
"905","경기관련소비재","032800","판타지오"
"906","경기관련소비재","066130","하츠"
"907","경기관련소비재","010100","한국프랜지"
"908","경기관련소비재","054300","팬스타엔터프라이즈"
"909","경기관련소비재","000680","LS네트웍스"
"910","경기관련소비재","018500","동원금속"
"911","경기관련소비재","111710","남화산업"
"912","경기관련소비재","085910","네오티스"
"913","경기관련소비재","133750","메가엠디"
"914","경기관련소비재","024900","덕양산업"
"915","경기관련소비재","001420","태원물산"
"916","경기관련소비재","207760","미스터블루"
"917","경기관련소비재","126640","화신정공"
"918","경기관련소비재","123700","SJM"
"919","경기관련소비재","032080","아즈텍WB"
"920","경기관련소비재","018700","바른손"
"921","경기관련소비재","052220","iMBC"
"922","경기관련소비재","021650","한국큐빅"
"923","경기관련소비재","011300","성안"
"924","경기관련소비재","033600","에이코넬"
"925","경기관련소비재","225650","쿠첸"
"926","경기관련소비재","080440","에스제이케이"
"927","경기관련소비재","048430","유라테크"
"928","경기관련소비재","012860","서연전자"
"929","경기관련소비재","038110","에코플라스틱"
"930","경기관련소비재","037070","파세코"
"931","경기관련소비재","010470","오리콤"
"932","경기관련소비재","088390","이녹스"
"933","경기관련소비재","024120","KB오토시스"
"934","경기관련소비재","263020","디케이앤디"
"935","경기관련소비재","019770","서연탑메탈"
"936","경기관련소비재","215100","로보로보"
"937","경기관련소비재","128540","에코캡"
"938","경기관련소비재","058420","제이웨이"
"939","경기관련소비재","093380","풍강"
"940","경기관련소비재","019540","일지테크"
"941","경기관련소비재","170030","현대공업"
"942","경기관련소비재","053270","구영테크"
"943","경기관련소비재","023810","인팩"
"944","경기관련소비재","007530","영신금속"
"945","경기관련소비재","015020","이스타코"
"946","경기관련소비재","030960","양지사"
"947","경기관련소비재","005030","부산주공"
"948","경기관련소비재","122690","서진오토모티브"
"949","경기관련소비재","290120","대유에이피"
"950","경기관련소비재","057030","와이비엠넷"
"951","경기관련소비재","000950","전방"
"952","경기관련소비재","212560","네오오토"
"953","경기관련소비재","025530","SJM홀딩스"
"954","경기관련소비재","225590","패션플랫폼"
"955","경기관련소비재","130500","GH신소재"
"956","경기관련소비재","013720","청보산업"
"957","경기관련소비재","011080","형지I&C"
"958","경기관련소비재","024940","PN풍년"
"959","경기관련소비재","130740","티피씨글로벌"
"960","경기관련소비재","033250","체시스"
"961","경기관련소비재","053290","NE능률"
"962","경기관련소비재","009620","삼보산업"
"963","경기관련소비재","002420","세기상사"
"964","경기관련소비재","105330","케이엔더블유"
"965","경기관련소비재","024830","세원물산"
"966","경기관련소비재","134060","이퓨쳐"
"967","경기관련소비재","090150","광진윈텍"
"968","경기관련소비재","008500","일정실업"
"969","경기관련소비재","002070","남영비비안"
"970","경기관련소비재","088290","이원컴포텍"
"971","경기관련소비재","053060","세동"
"972","경기관련소비재","020400","대동금속"
"973","경기관련소비재","098660","에스티오"
"974","필수소비재","033780","KT&G"
"975","필수소비재","271560","오리온"
"976","필수소비재","097950","CJ제일제당"
"977","필수소비재","004990","롯데지주"
"978","필수소비재","007310","오뚜기"
"979","필수소비재","004370","농심"
"980","필수소비재","005440","현대그린푸드"
"981","필수소비재","026960","동서"
"982","필수소비재","000080","하이트진로"
"983","필수소비재","001680","대상"
"984","필수소비재","007390","네이처셀"
"985","필수소비재","005300","롯데칠성"
"986","필수소비재","018250","애경산업"
"987","필수소비재","001800","오리온홀딩스"
"988","필수소비재","005180","빙그레"
"989","필수소비재","003380","하림지주"
"990","필수소비재","049770","동원F&B"
"991","필수소비재","000070","삼양홀딩스"
"992","필수소비재","006040","동원산업"
"993","필수소비재","267980","매일유업"
"994","필수소비재","002270","롯데푸드"
"995","필수소비재","035810","이지바이오"
"996","필수소비재","005610","SPC삼립"
"997","필수소비재","003230","삼양식품"
"998","필수소비재","280360","롯데제과"
"999","필수소비재","033920","무학"
"1000","필수소비재","003920","남양유업"
"1001","필수소비재","145990","삼양사"
"1002","필수소비재","051500","CJ프레시웨이"
"1003","필수소비재","001130","대한제분"
"1004","필수소비재","136490","선진"
"1005","필수소비재","136480","하림"
"1006","필수소비재","000890","보해양조"
"1007","필수소비재","036580","팜스코"
"1008","필수소비재","072710","농심홀딩스"
"1009","필수소비재","007160","사조산업"
"1010","필수소비재","017810","풀무원"
"1011","필수소비재","084690","대상홀딩스"
"1012","필수소비재","002760","보락"
"1013","필수소비재","227840","현대코퍼레이션홀딩스"
"1014","필수소비재","023900","풍국주정"
"1015","필수소비재","018120","진로발효"
"1016","필수소비재","001790","대한제당"
"1017","필수소비재","220630","해마로푸드서비스"
"1018","필수소비재","004650","창해에탄올"
"1019","필수소비재","101530","해태제과식품"
"1020","필수소비재","005740","크라운해태홀딩스"
"1021","필수소비재","027740","마니커"
"1022","필수소비재","004540","깨끗한나라"
"1023","필수소비재","014100","보령메디앙스"
"1024","필수소비재","004970","신라교역"
"1025","필수소비재","248170","샘표식품"
"1026","필수소비재","004410","서울식품"
"1027","필수소비재","088910","동우팜투테이블"
"1028","필수소비재","008040","사조동아원"
"1029","필수소비재","011150","CJ씨푸드"
"1030","필수소비재","027710","팜스토리"
"1031","필수소비재","208140","정다운"
"1032","필수소비재","000140","하이트진로홀딩스"
"1033","필수소비재","012690","모나리자"
"1034","필수소비재","005990","매일홀딩스"
"1035","필수소비재","264900","크라운제과"
"1036","필수소비재","014710","사조씨푸드"
"1037","필수소비재","073560","우리손에프앤지"
"1038","필수소비재","043650","국순당"
"1039","필수소비재","003960","사조대림"
"1040","필수소비재","079660","사조해표"
"1041","필수소비재","016790","현대사료"
"1042","필수소비재","006980","우성사료"
"1043","필수소비재","009780","엠에스씨"
"1044","필수소비재","006090","사조오양"
"1045","필수소비재","002600","조흥"
"1046","필수소비재","005860","한일사료"
"1047","필수소비재","222980","한국맥널티"
"1048","필수소비재","290720","푸드나무"
"1049","필수소비재","051160","지어소프트"
"1050","필수소비재","003310","대주산업"
"1051","필수소비재","030720","동원수산"
"1052","필수소비재","007540","샘표"
"1053","필수소비재","225430","케이엠제약"
"1054","필수소비재","053620","태양"
"1055","필수소비재","002140","고려산업"
"1056","필수소비재","005670","푸드웰"
"1057","필수소비재","009770","삼정펄프"
"1058","필수소비재","025880","케이씨피드"
"1059","필수소비재","002680","한탑"
"1060","필수소비재","006880","신송홀딩스"
"1061","필수소비재","066360","체리부로"
"1062","필수소비재","189980","흥국에프엔비"
"1063","필수소비재","218150","미래생명자원"
"1064","필수소비재","277410","인산가"
"1065","필수소비재","004590","한국가구"
"1066","필수소비재","038530","골드퍼시픽"
"1067","필수소비재","003680","한성기업"
"1068","필수소비재","023150","MH에탄올"
"1069","필수소비재","250000","보라티알"
"1070","필수소비재","025870","신라에스지"
"1071","건강관리","068270","셀트리온"
"1072","건강관리","207940","삼성바이오로직스"
"1073","건강관리","215600","신라젠"
"1074","건강관리","091990","셀트리온헬스케어"
"1075","건강관리","084990","바이로메드"
"1076","건강관리","128940","한미약품"
"1077","건강관리","086900","메디톡스"
"1078","건강관리","000100","유한양행"
"1079","건강관리","008930","한미사이언스"
"1080","건강관리","009420","한올바이오파마"
"1081","건강관리","095700","제넥신"
"1082","건강관리","003000","부광약품"
"1083","건강관리","068760","셀트리온제약"
"1084","건강관리","069620","대웅제약"
"1085","건강관리","145020","휴젤"
"1086","건강관리","006280","녹십자"
"1087","건강관리","041960","코미팜"
"1088","건강관리","185750","종근당"
"1089","건강관리","140410","메지온"
"1090","건강관리","083790","크리스탈"
"1091","건강관리","183490","엔지켐생명과학"
"1092","건강관리","115450","지트리비앤티"
"1093","건강관리","048260","오스템임플란트"
"1094","건강관리","102940","코오롱생명과학"
"1095","건강관리","092040","아미코젠"
"1096","건강관리","005250","녹십자홀딩스"
"1097","건강관리","078160","메디포스트"
"1098","건강관리","003520","영진약품"
"1099","건강관리","048530","인트론바이오"
"1100","건강관리","039200","오스코텍"
"1101","건강관리","170900","동아에스티"
"1102","건강관리","000250","삼천당제약"
"1103","건강관리","298380","에이비엘바이오"
"1104","건강관리","065660","안트로젠"
"1105","건강관리","001060","JW중외제약"
"1106","건강관리","141080","레고켐바이오"
"1107","건강관리","031390","녹십자셀"
"1108","건강관리","005500","삼진제약"
"1109","건강관리","217730","강스템바이오텍"
"1110","건강관리","003090","대웅"
"1111","건강관리","007570","일양약품"
"1112","건강관리","000640","동아쏘시오홀딩스"
"1113","건강관리","208340","파멥신"
"1114","건강관리","145720","덴티움"
"1115","건강관리","243070","휴온스"
"1116","건강관리","058820","CMG제약"
"1117","건강관리","087010","펩트론"
"1118","건강관리","226950","올릭스"
"1119","건강관리","039840","디오"
"1120","건강관리","066700","테라젠이텍스"
"1121","건강관리","263050","유틸렉스"
"1122","건강관리","096530","씨젠"
"1123","건강관리","086450","동국제약"
"1124","건강관리","182400","에이티젠"
"1125","건강관리","038290","마크로젠"
"1126","건강관리","271980","제일약품"
"1127","건강관리","196170","알테오젠"
"1128","건강관리","002210","동성제약"
"1129","건강관리","053030","바이넥스"
"1130","건강관리","067080","대화제약"
"1131","건강관리","002390","한독"
"1132","건강관리","214370","케어젠"
"1133","건강관리","100120","뷰웍스"
"1134","건강관리","144510","녹십자랩셀"
"1135","건강관리","099190","아이센스"
"1136","건강관리","168330","내츄럴엔도텍"
"1137","건강관리","096760","JW홀딩스"
"1138","건강관리","174900","앱클론"
"1139","건강관리","016580","환인제약"
"1140","건강관리","009290","광동제약"
"1141","건강관리","041830","인바디"
"1142","건강관리","084110","휴온스글로벌"
"1143","건강관리","222040","뉴트리바이오텍"
"1144","건강관리","033270","유나이티드제약"
"1145","건강관리","086820","바이오솔루션"
"1146","건강관리","019170","신풍제약"
"1147","건강관리","003060","에이프로젠제약"
"1148","건강관리","067290","JW신약"
"1149","건강관리","003850","보령제약"
"1150","건강관리","053950","경남제약"
"1151","건강관리","003220","대원제약"
"1152","건강관리","042520","한스바이오메드"
"1153","건강관리","234080","JW생명과학"
"1154","건강관리","049180","셀루메드"
"1155","건강관리","119610","인터로조"
"1156","건강관리","206640","바디텍메드"
"1157","건강관리","249420","일동제약"
"1158","건강관리","237690","에스티팜"
"1159","건강관리","001630","종근당홀딩스"
"1160","건강관리","142760","바이오리더스"
"1161","건강관리","191420","테고사이언스"
"1162","건강관리","000020","동화약품"
"1163","건강관리","214450","파마리서치프로덕트"
"1164","건강관리","085370","루트로닉"
"1165","건강관리","203690","프로스테믹스"
"1166","건강관리","023910","대한약품"
"1167","건강관리","043150","바텍"
"1168","건강관리","200670","휴메딕스"
"1169","건강관리","049960","쎌바이오텍"
"1170","건강관리","166480","코아스템"
"1171","건강관리","060590","씨티씨바이오"
"1172","건강관리","293480","하나제약"
"1173","건강관리","115180","큐리언트"
"1174","건강관리","046210","파나진"
"1175","건강관리","011040","경동제약"
"1176","건강관리","001360","삼성제약"
"1177","건강관리","185490","아이진"
"1178","건강관리","064550","바이오니아"
"1179","건강관리","268600","셀리버리"
"1180","건강관리","008490","서흥"
"1181","건강관리","054950","제이브이엠"
"1182","건강관리","043090","팜스웰바이오"
"1183","건강관리","206650","유바이오로직스"
"1184","건강관리","072020","중앙백신"
"1185","건강관리","074430","아미노로직스"
"1186","건강관리","180400","캔서롭"
"1187","건강관리","086890","이수앱지스"
"1188","건강관리","006620","동구바이오제약"
"1189","건강관리","086040","바이오톡스텍"
"1190","건강관리","200780","비씨월드제약"
"1191","건강관리","187420","제노포커스"
"1192","건강관리","034940","조아제약"
"1193","건강관리","032620","유비케어"
"1194","건강관리","002620","제일파마홀딩스"
"1195","건강관리","017180","명문제약"
"1196","건강관리","245620","EDGC"
"1197","건강관리","290650","엘앤씨바이오"
"1198","건강관리","214390","경보제약"
"1199","건강관리","204840","지엘팜텍"
"1200","건강관리","004310","현대약품"
"1201","건강관리","131030","디에이치피코리아"
"1202","건강관리","054670","대한뉴팜"
"1203","건강관리","228850","레이언스"
"1204","건강관리","011000","진원생명과학"
"1205","건강관리","004720","우리들제약"
"1206","건강관리","102460","이연제약"
"1207","건강관리","071200","인피니트헬스케어"
"1208","건강관리","039860","나노엔텍"
"1209","건강관리","054050","농우바이오"
"1210","건강관리","041910","에스텍파마"
"1211","건강관리","044820","코스맥스비티아이"
"1212","건강관리","048870","시너지이노베이션"
"1213","건강관리","036180","영인프런티어"
"1214","건강관리","000520","삼일제약"
"1215","건강관리","100700","세운메디칼"
"1216","건강관리","238200","비피도"
"1217","건강관리","065510","휴비츠"
"1218","건강관리","061250","화일약품"
"1219","건강관리","153710","옵티팜"
"1220","건강관리","106190","하이텍팜"
"1221","건강관리","222110","팬젠"
"1222","건강관리","063160","종근당바이오"
"1223","건강관리","032980","바이온"
"1224","건강관리","239610","에이치엘사이언스"
"1225","건강관리","150840","인트로메딕"
"1226","건강관리","032850","비트컴퓨터"
"1227","건강관리","194700","노바렉스"
"1228","건강관리","035610","솔본"
"1229","건강관리","263700","케어랩스"
"1230","건강관리","156100","엘앤케이바이오"
"1231","건강관리","065170","넥스트BT"
"1232","건강관리","109820","진매트릭스"
"1233","건강관리","220100","퓨쳐켐"
"1234","건강관리","038070","서린바이오"
"1235","건강관리","043100","솔고바이오"
"1236","건강관리","138610","나이벡"
"1237","건강관리","109960","에이프로젠 H&G"
"1238","건강관리","290660","네오펙트"
"1239","건강관리","122310","제노레이"
"1240","건강관리","059210","메타바이오메드"
"1241","건강관리","002800","신신제약"
"1242","건강관리","056090","유앤아이"
"1243","건강관리","196300","애니젠"
"1244","건강관리","047920","씨트리"
"1245","건강관리","068330","일신바이오"
"1246","건강관리","241820","피씨엘"
"1247","건강관리","001540","안국약품"
"1248","건강관리","246720","아스타"
"1249","건강관리","043710","서울리거"
"1250","건강관리","003120","일성신약"
"1251","건강관리","084650","랩지노믹스"
"1252","건강관리","104540","코렌텍"
"1253","건강관리","217330","싸이토젠"
"1254","건강관리","246710","티앤알바이오팹"
"1255","건강관리","118000","우리들휴브레인"
"1256","건강관리","002720","국제약품"
"1257","건강관리","080720","한국유니온제약"
"1258","건강관리","214680","디알텍"
"1259","건강관리","260660","알리코제약"
"1260","건강관리","000230","일동홀딩스"
"1261","건강관리","270870","뉴트리"
"1262","건강관리","142280","녹십자엠에스"
"1263","건강관리","036480","대성미생물"
"1264","건강관리","217600","켐온"
"1265","건강관리","032940","원익"
"1266","건강관리","012790","신일제약"
"1267","건강관리","014570","고려제약"
"1268","건강관리","000220","유유제약"
"1269","건강관리","127120","디엔에이링크"
"1270","건강관리","052670","제일바이오"
"1271","건강관리","154030","아시아종묘"
"1272","건강관리","078140","대봉엘에스"
"1273","건강관리","263690","디알젬"
"1274","건강관리","205470","휴마시스"
"1275","건강관리","009300","삼아제약"
"1276","건강관리","041920","메디아나"
"1277","건강관리","115480","씨유메디칼"
"1278","건강관리","204990","현성바이탈"
"1279","건강관리","149980","하이로닉"
"1280","건강관리","007370","진양제약"
"1281","건강관리","238120","로고스바이오"
"1282","건강관리","215380","우정바이오"
"1283","건강관리","018680","서울제약"
"1284","건강관리","044960","이글벳"
"1285","건강관리","179290","엠아이텍"
"1286","건강관리","114450","KPX생명과학"
"1287","건강관리","214150","클래시스"
"1288","건강관리","086060","진바이오텍"
"1289","건강관리","131220","대한과학"
"1290","건강관리","226400","오스테오닉"
"1291","건강관리","258830","세종메디칼"
"1292","건강관리","018620","우진비앤지"
"1293","건강관리","006140","피제이전자"
"1294","건강관리","004080","신흥"
"1295","건강관리","219750","지티지웰니스"
"1296","건강관리","058110","멕아이씨에스"
"1297","건강관리","208370","셀바스헬스케어"
"1298","금융","105560","KB금융"
"1299","금융","055550","신한지주"
"1300","금융","086790","하나금융지주"
"1301","금융","000810","삼성화재"
"1302","금융","000030","우리은행"
"1303","금융","032830","삼성생명"
"1304","금융","024110","기업은행"
"1305","금융","005830","DB손해보험"
"1306","금융","006800","미래에셋대우"
"1307","금융","071050","한국금융지주"
"1308","금융","001450","현대해상"
"1309","금융","138930","BNK금융지주"
"1310","금융","016360","삼성증권"
"1311","금융","005940","NH투자증권"
"1312","금융","139130","DGB금융지주"
"1313","금융","008560","메리츠종금증권"
"1314","금융","088350","한화생명"
"1315","금융","000060","메리츠화재"
"1316","금융","175330","JB금융지주"
"1317","금융","079440","오렌지라이프"
"1318","금융","039490","키움증권"
"1319","금융","029780","삼성카드"
"1320","금융","003690","코리안리"
"1321","금융","138040","메리츠금융지주"
"1322","금융","034830","한국토지신탁"
"1323","금융","003540","대신증권"
"1324","금융","030190","NICE평가정보"
"1325","금융","034310","NICE"
"1326","금융","000370","한화손해보험"
"1327","금융","085620","미래에셋생명"
"1328","금융","003470","유안타증권"
"1329","금융","001720","신영증권"
"1330","금융","001510","SK증권"
"1331","금융","003530","한화투자증권"
"1332","금융","010050","우리종금"
"1333","금융","210980","SK디앤디"
"1334","금융","123890","한국자산신탁"
"1335","금융","063570","한국전자금융"
"1336","금융","001200","유진투자증권"
"1337","금융","082640","동양생명"
"1338","금융","030610","교보증권"
"1339","금융","000400","롯데손해보험"
"1340","금융","030210","KTB투자증권"
"1341","금융","041190","우리기술투자"
"1342","금융","001500","현대차증권"
"1343","금융","033660","아주캐피탈"
"1344","금융","016610","DB금융투자"
"1345","금융","012700","리드코프"
"1346","금융","130580","나이스디앤비"
"1347","금융","021080","에이티넘인베스트"
"1348","금융","019550","SBI인베스트먼트"
"1349","금융","000540","흥국화재"
"1350","금융","034950","한국기업평가"
"1351","금융","001750","한양증권"
"1352","금융","001270","부국증권"
"1353","금융","003460","유화증권"
"1354","금융","001290","골든브릿지증권"
"1355","금융","289080","SV인베스트먼트"
"1356","금융","016600","큐캐피탈"
"1357","금융","034810","해성산업"
"1358","금융","027830","대성창투"
"1359","금융","241520","DSC인베스트먼트"
"1360","금융","006220","제주은행"
"1361","금융","027360","아주IB투자"
"1362","금융","036120","SCI평가정보"
"1363","금융","049720","고려신용정보"
"1364","금융","021880","메이슨캐피탈"
"1365","금융","019570","제미니투자"
"1366","금융","023460","CNH"
"1367","금융","007330","푸른저축은행"
"1368","금융","246690","티에스인베스트먼트"
"1369","금융","023760","한국캐피탈"
"1370","금융","277070","린드먼아시아"
"1371","금융","052600","한네트"
"1372","금융","001000","신라섬유"
"1373","금융","293580","나우아이비캐피탈"
"1374","금융","078020","이베스트투자증권"
"1375","IT","005930","삼성전자"
"1376","IT","000660","SK하이닉스"
"1377","IT","035420","NAVER"
"1378","IT","006400","삼성SDI"
"1379","IT","036570","엔씨소프트"
"1380","IT","018260","삼성에스디에스"
"1381","IT","066570","LG전자"
"1382","IT","009150","삼성전기"
"1383","IT","035720","카카오"
"1384","IT","034220","LG디스플레이"
"1385","IT","251270","넷마블"
"1386","IT","263750","펄어비스"
"1387","IT","011070","LG이노텍"
"1388","IT","078340","컴투스"
"1389","IT","012510","더존비즈온"
"1390","IT","020150","일진머티리얼즈"
"1391","IT","098460","고영"
"1392","IT","046890","서울반도체"
"1393","IT","042000","카페24"
"1394","IT","036490","SK머티리얼즈"
"1395","IT","200230","텔콘RF제약"
"1396","IT","052020","에스티큐브"
"1397","IT","038540","상상인"
"1398","IT","240810","원익IPS"
"1399","IT","181710","NHN엔터테인먼트"
"1400","IT","192080","더블유게임즈"
"1401","IT","066970","엘앤에프"
"1402","IT","045390","대아티아이"
"1403","IT","033180","필룩스"
"1404","IT","058470","리노공업"
"1405","IT","023590","다우기술"
"1406","IT","069080","웹젠"
"1407","IT","008060","대덕전자"
"1408","IT","036830","솔브레인"
"1409","IT","039030","이오테크닉스"
"1410","IT","001820","삼화콘덴서"
"1411","IT","000990","DB하이텍"
"1412","IT","108320","실리콘웍스"
"1413","IT","090460","비에이치"
"1414","IT","011690","유양디앤유"
"1415","IT","082270","젬백스"
"1416","IT","068240","다원시스"
"1417","IT","218410","RFHIC"
"1418","IT","067160","아프리카TV"
"1419","IT","091700","파트론"
"1420","IT","151910","나노스"
"1421","IT","122990","와이솔"
"1422","IT","053800","안랩"
"1423","IT","022100","포스코 ICT"
"1424","IT","032500","케이엠더블유"
"1425","IT","035600","KG이니시스"
"1426","IT","005290","동진쎄미켐"
"1427","IT","265520","AP시스템"
"1428","IT","063080","게임빌"
"1429","IT","036930","주성엔지니어링"
"1430","IT","029530","신도리코"
"1431","IT","272290","이녹스첨단소재"
"1432","IT","112040","위메이드"
"1433","IT","000670","영풍"
"1434","IT","091120","이엠텍"
"1435","IT","030520","한글과컴퓨터"
"1436","IT","030790","동양네트웍스"
"1437","IT","018290","지엠피"
"1438","IT","007660","이수페타시스"
"1439","IT","064760","티씨케이"
"1440","IT","140860","파크시스템스"
"1441","IT","042700","한미반도체"
"1442","IT","025320","시노펙스"
"1443","IT","097780","에스맥"
"1444","IT","031980","피에스케이"
"1445","IT","095270","웨이브일렉트로"
"1446","IT","178320","서진시스템"
"1447","IT","049950","미래컴퍼니"
"1448","IT","078600","대주전자재료"
"1449","IT","121800","비덴트"
"1450","IT","026890","디피씨"
"1451","IT","078150","HB테크놀러지"
"1452","IT","086390","유니테스트"
"1453","IT","095660","네오위즈"
"1454","IT","095610","테스"
"1455","IT","033640","네패스"
"1456","IT","074600","원익QnC"
"1457","IT","083640","인콘"
"1458","IT","064260","다날"
"1459","IT","238090","앤디포스"
"1460","IT","060250","NHN한국사이버결제"
"1461","IT","214180","민앤지"
"1462","IT","084370","유진테크"
"1463","IT","114570","지스마트글로벌"
"1464","IT","108230","톱텍"
"1465","IT","213420","덕산네오룩스"
"1466","IT","196490","디에이테크놀로지"
"1467","IT","123860","아나패스"
"1468","IT","047310","파워로직스"
"1469","IT","138690","엘아이에스"
"1470","IT","052330","코텍"
"1471","IT","064240","홈캐스트"
"1472","IT","051370","인터플렉스"
"1473","IT","008700","아남전자"
"1474","IT","201490","미투온"
"1475","IT","052710","아모텍"
"1476","IT","117670","알파홀딩스"
"1477","IT","033240","자화전자"
"1478","IT","039560","다산네트웍스"
"1479","IT","082920","비츠로셀"
"1480","IT","111870","삼본정밀전자"
"1481","IT","195870","해성디에스"
"1482","IT","197210","리드"
"1483","IT","049070","인탑스"
"1484","IT","286940","롯데정보통신"
"1485","IT","089030","테크윙"
"1486","IT","088800","에이스테크"
"1487","IT","166090","하나머티리얼즈"
"1488","IT","097520","엠씨넥스"
"1489","IT","073490","이노와이어리스"
"1490","IT","192440","슈피겐코리아"
"1491","IT","137940","넥스트아이"
"1492","IT","236200","슈프리마"
"1493","IT","032190","다우데이타"
"1494","IT","030530","원익홀딩스"
"1495","IT","040350","큐로컴"
"1496","IT","059090","미코"
"1497","IT","035510","신세계 I&C"
"1498","IT","264450","유비쿼스"
"1499","IT","091580","상신이디피"
"1500","IT","038060","루멘스"
"1501","IT","033160","엠케이전자"
"1502","IT","060720","KH바텍"
"1503","IT","127160","매직마이크로"
"1504","IT","079970","투비소프트"
"1505","IT","183300","코미코"
"1506","IT","005680","삼영전자"
"1507","IT","087730","네패스신소재"
"1508","IT","061970","엘비세미콘"
"1509","IT","123100","원익테라세미콘"
"1510","IT","123420","선데이토즈"
"1511","IT","025560","미래산업"
"1512","IT","060570","아이리버"
"1513","IT","255440","야스"
"1514","IT","046440","KG모빌리언스"
"1515","IT","009470","삼화전기"
"1516","IT","007630","폴루스바이오팜"
"1517","IT","299910","베스파"
"1518","IT","131390","피앤이솔루션"
"1519","IT","052400","코나아이"
"1520","IT","143160","아이디스"
"1521","IT","004710","한솔테크닉스"
"1522","IT","050890","쏠리드"
"1523","IT","039440","에스티아이"
"1524","IT","215000","골프존"
"1525","IT","141000","비아트론"
"1526","IT","078890","가온미디어"
"1527","IT","126700","하이비젼시스템"
"1528","IT","224060","코디엠"
"1529","IT","094940","푸른기술"
"1530","IT","061040","알에프텍"
"1531","IT","234300","에스트래픽"
"1532","IT","222080","씨아이에스"
"1533","IT","281820","케이씨텍"
"1534","IT","077500","유니퀘스트"
"1535","IT","222800","심텍"
"1536","IT","138080","오이솔루션"
"1537","IT","036540","SFA반도체"
"1538","IT","032820","우리기술"
"1539","IT","080220","제주반도체"
"1540","IT","155650","와이엠씨"
"1541","IT","012030","DB"
"1542","IT","051360","토비스"
"1543","IT","223310","이에스브이"
"1544","IT","131970","테스나"
"1545","IT","138580","비즈니스온"
"1546","IT","029460","케이씨"
"1547","IT","115160","휴맥스"
"1548","IT","066980","브레인콘텐츠"
"1549","IT","052420","오성첨단소재"
"1550","IT","032790","엠젠플러스"
"1551","IT","068790","DMS"
"1552","IT","065130","탑엔지니어링"
"1553","IT","031330","에스에이엠티"
"1554","IT","042040","케이피엠테크"
"1555","IT","054800","아이디스홀딩스"
"1556","IT","054450","텔레칩스"
"1557","IT","243840","신흥에스이씨"
"1558","IT","037460","삼지전자"
"1559","IT","041140","넥슨지티"
"1560","IT","086960","한컴MDS"
"1561","IT","040910","아이씨디"
"1562","IT","230240","에치에프알"
"1563","IT","092220","KEC"
"1564","IT","053980","오상자이엘"
"1565","IT","096630","에스코넥"
"1566","IT","050110","캠시스"
"1567","IT","193250","와이제이엠게임즈"
"1568","IT","058220","아리온"
"1569","IT","222810","한류AI센터"
"1570","IT","082210","옵트론텍"
"1571","IT","196450","텔루스"
"1572","IT","058610","에스피지"
"1573","IT","003160","디아이"
"1574","IT","225570","넷게임즈"
"1575","IT","217270","넵튠"
"1576","IT","089970","에이피티씨"
"1577","IT","053610","프로텍"
"1578","IT","161580","필옵틱스"
"1579","IT","136540","윈스"
"1580","IT","095340","ISC"
"1581","IT","053300","한국정보인증"
"1582","IT","108860","셀바스AI"
"1583","IT","121440","골프존뉴딘홀딩스"
"1584","IT","119830","아이텍반도체"
"1585","IT","041590","에너전트"
"1586","IT","137400","피엔티"
"1587","IT","057500","SKC 솔믹스"
"1588","IT","036090","위지트"
"1589","IT","053450","세코닉스"
"1590","IT","038160","팍스넷"
"1591","IT","251630","브이원텍"
"1592","IT","060230","이그잭스"
"1593","IT","200710","에이디테크놀로지"
"1594","IT","114810","아이원스"
"1595","IT","288620","에스퓨얼셀"
"1596","IT","050540","한국코퍼레이션"
"1597","IT","067000","조이시티"
"1598","IT","036200","유니셈"
"1599","IT","045970","코아시아홀딩스"
"1600","IT","049630","재영솔루텍"
"1601","IT","093190","빅솔론"
"1602","IT","140670","알에스오토메이션"
"1603","IT","088130","동아엘텍"
"1604","IT","092130","이크레더블"
"1605","IT","067310","하나마이크론"
"1606","IT","049080","기가레인"
"1607","IT","079940","가비아"
"1608","IT","290670","대보마그네틱"
"1609","IT","004770","써니전자"
"1610","IT","041460","한국전자인증"
"1611","IT","035620","바른손이앤에이"
"1612","IT","083310","엘오티베큠"
"1613","IT","083930","아바코"
"1614","IT","093320","케이아이엔엑스"
"1615","IT","092070","디엔에프"
"1616","IT","250060","모비스"
"1617","IT","179900","유티아이"
"1618","IT","214310","세미콘라이트"
"1619","IT","038460","바이오스마트"
"1620","IT","131370","알서포트"
"1621","IT","094190","이엘케이"
"1622","IT","009310","참엔지니어링"
"1623","IT","259630","엠플러스"
"1624","IT","039230","에이아이비트"
"1625","IT","078070","유비쿼스홀딩스"
"1626","IT","144960","뉴파워프라즈마"
"1627","IT","069540","라이트론"
"1628","IT","036170","씨티젠"
"1629","IT","039010","현대통신"
"1630","IT","122640","예스티"
"1631","IT","114120","크루셜텍"
"1632","IT","203650","드림시큐리티"
"1633","IT","036030","KTH"
"1634","IT","057540","옴니시스템"
"1635","IT","069410","엔텔스"
"1636","IT","101400","엔시트론"
"1637","IT","214870","에치디프로"
"1638","IT","194480","데브시스터즈"
"1639","IT","101490","에스앤에스텍"
"1640","IT","080000","에스엔유"
"1641","IT","205100","엑셈"
"1642","IT","037950","엘컴텍"
"1643","IT","087260","모바일어플라이언스"
"1644","IT","042420","네오위즈홀딩스"
"1645","IT","020180","대신정보통신"
"1646","IT","123840","한일진공"
"1647","IT","084730","팅크웨어"
"1648","IT","241770","메카로"
"1649","IT","054620","APS홀딩스"
"1650","IT","079370","제우스"
"1651","IT","200470","하이셈"
"1652","IT","189300","인텔리안테크"
"1653","IT","102120","어보브반도체"
"1654","IT","100590","머큐리"
"1655","IT","042510","라온시큐어"
"1656","IT","065350","신성델타테크"
"1657","IT","049480","오픈베이스"
"1658","IT","101160","월덱스"
"1659","IT","094170","동운아나텍"
"1660","IT","007810","코리아써키트"
"1661","IT","065530","전파기지국"
"1662","IT","031820","콤텍시스템"
"1663","IT","047080","한빛소프트"
"1664","IT","020760","일진디스플"
"1665","IT","052790","액토즈소프트"
"1666","IT","092600","앤씨앤"
"1667","IT","060240","룽투코리아"
"1668","IT","149950","아바텍"
"1669","IT","036810","에프에스티"
"1670","IT","072770","네오디안테크놀로지"
"1671","IT","082800","루미마이크로"
"1672","IT","066110","한프"
"1673","IT","057680","옴니텔"
"1674","IT","080520","오디텍"
"1675","IT","033320","제이씨현시스템"
"1676","IT","058630","엠게임"
"1677","IT","037350","성도이엔지"
"1678","IT","178780","유테크"
"1679","IT","033130","디지틀조선"
"1680","IT","056360","코위버"
"1681","IT","079950","인베니아"
"1682","IT","063760","이엘피"
"1683","IT","241790","오션브릿지"
"1684","IT","049520","유아이엘"
"1685","IT","095500","미래나노텍"
"1686","IT","140070","서플러스글로벌"
"1687","IT","208640","썸에이지"
"1688","IT","016670","포비스티앤씨"
"1689","IT","036010","아비코전자"
"1690","IT","031310","아이즈비전"
"1691","IT","079960","동양이엔피"
"1692","IT","043290","케이맥"
"1693","IT","160980","싸이맥스"
"1694","IT","066670","디스플레이텍"
"1695","IT","002230","피에스텍"
"1696","IT","232140","와이아이케이"
"1697","IT","053350","이니텍"
"1698","IT","101330","모베이스"
"1699","IT","045660","에이텍"
"1700","IT","093520","매커스"
"1701","IT","065680","우주일렉트로"
"1702","IT","038680","에스넷"
"1703","IT","054210","이랜텍"
"1704","IT","220180","핸디소프트"
"1705","IT","192250","케이사인"
"1706","IT","187220","디티앤씨"
"1707","IT","026180","현대정보기술"
"1708","IT","039420","케이엘넷"
"1709","IT","170920","엘티씨"
"1710","IT","033560","블루콤"
"1711","IT","046970","우리로"
"1712","IT","015710","코콤"
"1713","IT","090470","제이스텍"
"1714","IT","094480","갤럭시아컴즈"
"1715","IT","027040","서울전자통신"
"1716","IT","093920","서원인텍"
"1717","IT","160600","에스엔텍"
"1718","IT","089890","코세스"
"1719","IT","080010","이상네트웍스"
"1720","IT","148250","알엔투테크놀로지"
"1721","IT","211270","AP위성"
"1722","IT","257370","명성티엔에스"
"1723","IT","085810","알티캐스트"
"1724","IT","033230","인성정보"
"1725","IT","073570","WI"
"1726","IT","101390","아이엠"
"1727","IT","190510","나무가"
"1728","IT","017900","광전자"
"1729","IT","219420","링크제니시스"
"1730","IT","047560","이스트소프트"
"1731","IT","049470","SGA"
"1732","IT","083550","케이엠"
"1733","IT","085670","뉴프렉스"
"1734","IT","131400","액트"
"1735","IT","097800","윈팩"
"1736","IT","027580","상보"
"1737","IT","225190","삼양옵틱스"
"1738","IT","033170","시그네틱스"
"1739","IT","124500","아이티센"
"1740","IT","106520","디지탈옵틱"
"1741","IT","208710","바이오로그디바이스"
"1742","IT","054090","삼진엘앤디"
"1743","IT","072130","유엔젤"
"1744","IT","017250","인터엠"
"1745","IT","043590","크로바하이텍"
"1746","IT","115310","인포바인"
"1747","IT","056700","신화인터텍"
"1748","IT","040160","누리텔레콤"
"1749","IT","041020","인프라웨어"
"1750","IT","057880","토필드"
"1751","IT","045510","정원엔시스"
"1752","IT","037330","인지디스플레"
"1753","IT","012340","뉴인텍"
"1754","IT","050090","휘닉스소재"
"1755","IT","206400","엔터메이트"
"1756","IT","049120","파인디앤씨"
"1757","IT","049550","잉크테크"
"1758","IT","078000","텔코웨어"
"1759","IT","041520","이라이콤"
"1760","IT","064290","인텍플러스"
"1761","IT","059100","아이컴포넌트"
"1762","IT","039290","인포뱅크"
"1763","IT","073110","엘엠에스"
"1764","IT","214270","퓨쳐스트림네트웍스"
"1765","IT","052860","아이앤씨"
"1766","IT","077360","덕산하이메탈"
"1767","IT","096690","제이스테판"
"1768","IT","059120","아진엑스텍"
"1769","IT","054630","에이디칩스"
"1770","IT","195440","퓨전데이타"
"1771","IT","067920","이글루시큐리티"
"1772","IT","089530","에이티세미콘"
"1773","IT","290740","액트로"
"1774","IT","094840","슈프리마에이치큐"
"1775","IT","131090","시큐브"
"1776","IT","205500","액션스퀘어"
"1777","IT","106240","파인테크닉스"
"1778","IT","030350","드래곤플라이"
"1779","IT","123260","화텍파워"
"1780","IT","238490","힘스"
"1781","IT","045890","GV"
"1782","IT","131180","딜리"
"1783","IT","052900","KMH하이텍"
"1784","IT","226440","한송네오텍"
"1785","IT","302430","이노메트리"
"1786","IT","117730","티로보틱스"
"1787","IT","014910","성문전자"
"1788","IT","139050","데일리블록체인"
"1789","IT","082660","삼우엠스"
"1790","IT","171090","선익시스템"
"1791","IT","177350","베셀"
"1792","IT","007120","미래아이앤지"
"1793","IT","215790","이노인스트루먼트"
"1794","IT","046310","백금T&A"
"1795","IT","285490","노바텍"
"1796","IT","054940","엑사이엔씨"
"1797","IT","092870","엑시콘"
"1798","IT","065570","삼영이엔씨"
"1799","IT","065440","이루온"
"1800","IT","187870","디바이스이엔지"
"1801","IT","046110","한일네트웍스"
"1802","IT","054920","한컴시큐어"
"1803","IT","174880","장원테크"
"1804","IT","096640","멜파스"
"1805","IT","264660","씨앤지하이테크"
"1806","IT","096040","이트론"
"1807","IT","069510","에스텍"
"1808","IT","094360","칩스앤미디어"
"1809","IT","263810","상신전자"
"1810","IT","263600","덕우전자"
"1811","IT","036690","코맥스"
"1812","IT","066410","버킷스튜디오"
"1813","IT","044380","주연테크"
"1814","IT","142210","유니트론텍"
"1815","IT","184230","SGA솔루션즈"
"1816","IT","033790","스카이문스테크놀로지"
"1817","IT","290550","디케이티"
"1818","IT","032680","소프트센"
"1819","IT","032580","피델릭스"
"1820","IT","092300","현우산업"
"1821","IT","083450","GST"
"1822","IT","208860","엔지스테크널러지"
"1823","IT","036710","심텍홀딩스"
"1824","IT","060540","에스에이티"
"1825","IT","110990","디아이티"
"1826","IT","068940","아이씨케이"
"1827","IT","062860","티엘아이"
"1828","IT","208350","지란지교시큐리티"
"1829","IT","175140","인포마크"
"1830","IT","087600","픽셀플러스"
"1831","IT","147760","마이크로프랜드"
"1832","IT","052460","아이크래프트"
"1833","IT","042500","링네트"
"1834","IT","203450","유니온커뮤니티"
"1835","IT","131290","티에스이"
"1836","IT","096610","알에프세미"
"1837","IT","042110","에스씨디"
"1838","IT","224110","에이텍티앤"
"1839","IT","217820","엔에스"
"1840","IT","267850","아시아나IDT"
"1841","IT","071280","로체시스템즈"
"1842","IT","035460","기산텔레콤"
"1843","IT","081580","성우전자"
"1844","IT","065710","서호전기"
"1845","IT","064520","바른전자"
"1846","IT","075130","플랜티넷"
"1847","IT","263860","지니언스"
"1848","IT","051380","피씨디렉트"
"1849","IT","089850","유비벨록스"
"1850","IT","015260","에이엔피"
"1851","IT","032750","삼진"
"1852","IT","004270","남성"
"1853","IT","072990","에이치시티"
"1854","IT","001210","금호전기"
"1855","IT","076610","해성옵틱스"
"1856","IT","066310","큐에스아이"
"1857","IT","065690","대진디엠피"
"1858","IT","093640","다믈멀티미디어"
"1859","IT","101730","조이맥스"
"1860","IT","094970","제이엠티"
"1861","IT","064480","브리지텍"
"1862","IT","176440","에이치엔티"
"1863","IT","065770","CS"
"1864","IT","091340","S&K폴리텍"
"1865","IT","226350","아이엠텍"
"1866","IT","073540","에프알텍"
"1867","IT","050960","수산아이앤티"
"1868","IT","136510","쎄미시스코"
"1869","IT","024850","피에스엠씨"
"1870","IT","038950","파인디지털"
"1871","IT","033050","제이엠아이"
"1872","IT","109080","옵티시스"
"1873","IT","134580","디엠티"
"1874","IT","066900","디에이피"
"1875","IT","115440","우리넷"
"1876","IT","072950","빛샘전자"
"1877","IT","082850","우리이티아이"
"1878","IT","006200","한국전자홀딩스"
"1879","IT","045300","성우테크론"
"1880","IT","032540","TJ미디어"
"1881","IT","256940","케이피에스"
"1882","IT","150900","파수닷컴"
"1883","IT","004920","씨아이테크"
"1884","IT","173130","오파스넷"
"1885","IT","043260","성호전자"
"1886","IT","054040","한국컴퓨터"
"1887","IT","171010","램테크놀러지"
"1888","IT","153490","우리이앤엘"
"1889","IT","269620","시스웍"
"1890","IT","131760","파인텍"
"1891","IT","153460","네이블"
"1892","IT","067010","이씨에스"
"1893","IT","099520","ITX엠투엠"
"1894","IT","197140","디지캡"
"1895","IT","023770","플레이위드"
"1896","IT","070590","한솔인티큐브"
"1897","IT","187270","신화콘텍"
"1898","IT","070300","한솔시큐어"
"1899","IT","242040","나무기술"
"1900","IT","143540","영우디에스피"
"1901","IT","094860","코닉글로리"
"1902","IT","028080","휴맥스홀딩스"
"1903","IT","083500","에프엔에스테크"
"1904","IT","115610","이미지스"
"1905","IT","189690","포시에스"
"1906","IT","181340","이즈미디어"
"1907","IT","091440","텔레필드"
"1908","IT","056000","신스타임즈"
"1909","IT","089790","제이티"
"1910","IT","042600","새로닉스"
"1911","IT","090740","연이정보통신"
"1912","IT","058450","일야"
"1913","IT","077280","한컴지엠디"
"1914","IT","170790","파이오링크"
"1915","IT","100030","모바일리더"
"1916","IT","037400","우리조명"
"1917","IT","098120","마이크로컨텍솔"
"1918","IT","191410","육일씨엔에쓰"
"1919","IT","052770","와이디온라인"
"1920","IT","053160","프리엠스"
"1921","IT","115500","케이씨에스"
"1922","IT","045340","토탈소프트"
"1923","IT","227100","디자인"
"1924","IT","012600","청호컴넷"
"1925","IT","037030","파워넷"
"1926","IT","290270","휴네시온"
"1927","IT","039740","한국정보공학"
"1928","IT","016920","카스"
"1929","IT","275630","에스에스알"
"1930","IT","123010","옵토팩"
"1931","IT","106080","지투하이소닉"
"1932","IT","089150","케이씨티"
"1933","IT","043360","디지아이"
"1934","IT","079810","디이엔티"
"1935","IT","009140","경인전자"
"1936","IT","263800","데이타솔루션"
"1937","IT","019490","하이트론"
"1938","IT","029480","바른테크놀로지"
"1939","IT","078350","한양디지텍"
"1940","IT","080580","오킨스전자"
"1941","IT","219130","타이거일렉"
"1942","IT","139670","넥스트리밍"
"1943","IT","217500","러셀"
"1944","IT","213090","미래테크놀로지"
"1945","IT","096870","엘디티"
"1946","IT","067770","세진티에스"
"1947","IT","020120","키다리스튜디오"
"1948","IT","121890","에스디시스템"
"1949","IT","067730","로지시스"
"1950","IT","121850","코이즈"
"1951","IT","069330","유아이디"
"1952","IT","083470","KJ프리텍"
"1953","IT","033200","모아텍"
"1954","IT","217190","제너셈"
"1955","IT","008110","대동전자"
"1956","IT","182690","테라셈"
"1957","IT","032960","동일기연"
"1958","IT","227950","마이크로텍"
"1959","전기통신서비스","017670","SK텔레콤"
"1960","전기통신서비스","030200","KT"
"1961","전기통신서비스","032640","LG유플러스"
"1962","전기통신서비스","006490","인스코비"
"1963","전기통신서비스","036630","세종텔레콤"
"1964","전기통신서비스","025770","한국정보통신"
"1965","전기통신서비스","036800","나이스정보통신"
"1966","유틸리티","015760","한국전력"
"1967","유틸리티","036460","한국가스공사"
"1968","유틸리티","051600","한전KPS"
"1969","유틸리티","018670","SK가스"
"1970","유틸리티","052690","한전기술"
"1971","유틸리티","004690","삼천리"
"1972","유틸리티","017940","E1"
"1973","유틸리티","071320","지역난방공사"
"1974","유틸리티","015350","부산가스"
"1975","유틸리티","015360","예스코홀딩스"
"1976","유틸리티","267290","경동도시가스"
"1977","유틸리티","151860","KG ETS"
"1978","유틸리티","038870","에코바이오"
"1979","유틸리티","017390","서울가스"
"1980","유틸리티","130660","한전산업"
"1981","유틸리티","117580","대성에너지"
"1982","유틸리티","012320","경동인베스트"
"1983","유틸리티","034590","인천도시가스"
"1984","유틸리티","016710","대성홀딩스"
"1985","유틸리티","053050","지에스이"
